date,sentiment_mean,sentiment_std,sentiment_min,sentiment_max,news_count,pct_positive,pct_negative,sentiment_anomaly
2016-04-23,-0.2650776505470276,0.4714771851054084,-0.9595763683319092,0.6727566719055176,15,0.06666666666666667,0.4,0.0
2016-04-24,-0.19636307869638717,0.4799102471588776,-0.9669642448425293,0.35911133885383606,7,0.14285714285714285,0.2857142857142857,0.0
2016-04-25,-0.1921814369118732,0.4273867328496233,-0.9374078512191772,0.6927151679992676,23,0.043478260869565216,0.2608695652173913,0.0
2016-04-26,-0.16641109436750412,0.6165189769778586,-0.9695590138435364,0.9254227876663208,24,0.20833333333333334,0.375,0.0
2016-04-27,-0.3257889221696293,0.5906764523346079,-0.9746929407119751,0.9358385801315308,34,0.08823529411764706,0.4411764705882353,-1.4818162505299566
2016-04-28,-0.2982011952183463,0.575972630792219,-0.9610878229141235,0.9494291543960571,22,0.09090909090909091,0.45454545454545453,-0.8881519787743252
2016-05-13,-0.3281768626636929,0.6858905989394857,-0.9689892530441284,0.9116101861000061,18,0.16666666666666666,0.5555555555555556,-1.107040489248824
2016-05-14,-0.1647334039211273,0.3473223646740895,-0.8339541554450989,0.0,10,0.0,0.2,1.1040843445826962
2016-05-15,-0.1616359523364476,0.4340819466845347,-0.9474246501922607,0.5067748427391052,14,0.07142857142857142,0.21428571428571427,1.009890582646952
2016-05-16,-0.19752791949680873,0.5341020133857787,-0.9683570861816406,0.9284313321113586,28,0.10714285714285714,0.35714285714285715,0.47366436352925934
2016-05-17,-0.11741087653420189,0.6208237132229174,-0.9537920951843262,0.9523473978042603,22,0.22727272727272727,0.36363636363636365,1.4046228531284475
2016-05-18,-0.09862344018344221,0.6008406487236017,-0.9445139169692993,0.9346490502357483,29,0.20689655172413793,0.3103448275862069,1.4282612062145896
2016-05-19,-0.9524567723274231,0.0,-0.9524567723274231,-0.9524567723274231,1,0.0,1.0,-3.1313448890820688
2016-06-08,-0.016215333342552186,0.6057697527505186,-0.9746988415718079,0.9147164225578308,20,0.3,0.3,1.0524064483236975
2016-06-09,-0.2244737559351428,0.4657419820577239,-0.9461087584495544,0.660528302192688,29,0.06896551724137931,0.3103448275862069,0.10589454317589402
2016-06-10,-0.417298158009847,0.5251497947228716,-0.9655537009239197,0.8323801159858704,21,0.047619047619047616,0.5238095238095238,-0.7600380114180888
2016-06-11,-0.21886817975477738,0.4607864227194697,-0.9685230851173401,0.5728686451911926,11,0.09090909090909091,0.36363636363636365,0.17933856893457034
2016-06-12,-0.10115523423467364,0.25716848155968014,-0.7191121578216553,0.0,14,0.0,0.14285714285714285,0.7252871976814171
2016-06-13,-0.13893646482498415,0.5089976251967598,-0.9664750099182129,0.9337818622589111,31,0.16129032258064516,0.2903225806451613,0.5194792347058472
2016-06-14,-0.9708421230316162,0.0,-0.9708421230316162,-0.9708421230316162,1,0.0,1.0,-2.755547129974755
2016-07-01,-0.12575069069862366,0.5862642464498173,-0.9586426019668579,0.8988106846809387,22,0.22727272727272727,0.36363636363636365,0.5707989361535478
2016-07-02,-0.22845330238342285,0.5873637920848652,-0.9346699714660645,0.9432668685913086,15,0.13333333333333333,0.4,0.17281986246080158
2016-07-03,-0.23528515750711615,0.5495906748684909,-0.9368779063224792,0.8315123915672302,11,0.09090909090909091,0.36363636363636365,0.1546948256753663
2016-07-04,-0.19656232228645912,0.6747147706885035,-0.974101185798645,0.9231989979743958,13,0.23076923076923078,0.38461538461538464,0.31448339807027925
2016-07-05,-0.29611876904964446,0.5150571890213065,-0.9444535374641418,0.9284671545028687,20,0.05,0.4,-0.08600031379640415
2016-07-06,-0.5767826164762179,0.39551867878330393,-0.9654332399368286,0.0,24,0.0,0.7083333333333334,-1.1048750175578324
2016-07-07,-0.010827332735061646,0.7660058257098231,-0.9596914052963257,0.9163820743560791,4,0.25,0.25,0.9762207758157908
2016-07-20,-0.24312856105657724,0.474280189543969,-0.9611093997955322,0.8736618757247925,26,0.07692307692307693,0.38461538461538464,0.12469849504923884
2016-07-21,-0.32268302336983057,0.4264211117931276,-0.9743003249168396,0.0,23,0.0,0.391304347826087,-0.14379947451212233
2016-07-22,-0.18307151079177855,0.5641005432525591,-0.9722939729690552,0.9456337094306946,25,0.12,0.32,0.3784704089786647
2016-07-23,-0.16764353381262886,0.34691285490758667,-0.9512474536895752,0.0,9,0.0,0.2222222222222222,0.4483037311844819
2016-07-24,-0.11986277997493744,0.4835378018652294,-0.9599966406822205,0.9001015424728394,12,0.08333333333333333,0.25,0.6347056657317576
2016-07-25,-0.3839419589323156,0.5204947001476338,-0.9668686985969543,0.6251872777938843,17,0.058823529411764705,0.47058823529411764,-0.5832527348746831
2016-07-26,0.0,0.0,0.0,0.0,1,0.0,0.0,1.1982176201627226
2016-10-01,-0.3937574674685796,0.5940183530627097,-0.9421005845069885,0.8002661466598511,12,0.16666666666666666,0.6666666666666666,-0.5853604599586946
2016-10-02,-0.039650604128837585,0.39876077220693446,-0.9208693504333496,0.6457474827766418,14,0.14285714285714285,0.21428571428571427,0.9458662342175095
2016-10-03,-0.2757209406958686,0.5767041153085503,-0.9593895673751831,0.8759235739707947,18,0.1111111111111111,0.4444444444444444,-0.11465509404284667
2016-10-04,-0.303001011411349,0.6020764463024785,-0.9679436087608337,0.9366241097450256,24,0.125,0.5,-0.19512436452944204
2016-10-05,-0.13664060018279336,0.6752940966844718,-0.9471921920776367,0.9386552572250366,22,0.22727272727272727,0.4090909090909091,0.5697572546024882
2016-10-06,-0.24697572141885757,0.3574056961075769,-0.9552006125450134,0.0,20,0.0,0.35,-0.1631886923762602
2016-10-28,-0.24086338561028242,0.6178990491184049,-0.9504162669181824,0.9409188628196716,32,0.15625,0.4375,-0.07889891841567459
2016-10-29,-0.20024217800660568,0.48675188725192853,-0.9109381437301636,0.7573589086532593,11,0.09090909090909091,0.36363636363636365,0.20691421319723394
2016-10-30,-0.09181773662567139,0.6117481875483581,-0.9061420559883118,0.8709620237350464,14,0.21428571428571427,0.35714285714285715,0.9222431299117186
2016-10-31,-0.34823803007602694,0.5063269148426565,-0.9691804647445679,0.9224262833595276,20,0.05,0.5,-0.8321563573269403
2016-11-01,-0.29706908017396927,0.5529484102067209,-0.9709663987159729,0.9273973703384399,24,0.08333333333333333,0.4166666666666667,-0.47449594258912264
2016-11-02,-0.2512055730819702,0.5288495054468739,-0.9722248911857605,0.9262011051177979,25,0.08,0.4,-0.32553805610608294
2017-06-11,0.0,0.0,0.0,0.0,3,0.0,0.0,1.7850285954557867
2017-06-12,-0.6423047312668392,0.4270731918186538,-0.9679777026176453,0.0,14,0.0,0.7142857142857143,-2.680400808660303
2017-06-13,-0.31304411093393963,0.6331671244500755,-0.96326744556427,0.906466007232666,15,0.13333333333333333,0.5333333333333333,-0.5323494300416202
2017-06-14,-0.3002806268632412,0.6728625780116063,-0.9563267230987549,0.888074517250061,16,0.1875,0.5625,-0.4096307429224409
2017-06-15,-0.2512870838767604,0.4860398943646726,-0.9706876873970032,0.8747599124908447,19,0.05263157894736842,0.3684210526315789,-0.06240033567586272
2017-06-16,-0.1124154294238371,0.6585558225075344,-0.9656445384025574,0.9080752730369568,17,0.23529411764705882,0.35294117647058826,0.8463053519886599
2017-07-02,-0.1439613215625286,0.4310159183573528,-0.9616752862930298,0.7960636019706726,16,0.0625,0.25,0.5695463847152856
2017-07-03,-0.24830663629940578,0.47092217066984904,-0.9423086643218994,0.5934110879898071,14,0.07142857142857142,0.35714285714285715,-0.04619387511245959
2017-07-04,-0.34498290220896405,0.4239883684809134,-0.8929164409637451,0.0,9,0.0,0.4444444444444444,-0.7671624817334187
2017-07-05,-0.4175397473223069,0.4782206184324343,-0.9718201756477356,0.637772262096405,17,0.058823529411764705,0.5882352941176471,-1.1824930609711553
2017-07-06,-0.07934448619683583,0.6181926949279416,-0.9716046452522278,0.9185635447502136,12,0.16666666666666666,0.25,1.2049006943373048
2017-07-07,-0.5702733794848124,0.43153096523157025,-0.9660429358482361,0.0,12,0.0,0.6666666666666666,-1.9581860330036327
2018-02-09,-0.34133906761805216,0.4947339402245303,-0.9643236398696899,0.7753996849060059,15,0.06666666666666667,0.5333333333333333,-0.4451869254935884
2018-02-10,-0.20660570689610072,0.37267038462832297,-0.9308406114578247,0.0,7,0.0,0.2857142857142857,0.40624168415909323
2018-02-11,-0.3503643274307251,0.4813535388289537,-0.9313238263130188,0.0,5,0.0,0.4,-0.4765582899142909
2018-02-12,-0.2581889182329178,0.4535210970087294,-0.9532505869865417,0.6274893879890442,14,0.07142857142857142,0.42857142857142855,0.12965907636688334
2018-02-13,-0.1658860519528389,0.7179843971351284,-0.9444894790649414,0.9221249222755432,8,0.25,0.5,0.7634221594985896
2018-02-14,-0.18873377550732007,0.646500954741544,-0.9557639956474304,0.8220816254615784,11,0.2727272727272727,0.45454545454545453,0.5590468241402607
2018-03-15,-0.12310398476464408,0.5770316472031842,-0.9249334335327148,0.8865571022033691,14,0.14285714285714285,0.2857142857142857,0.9105522158762873
2018-03-16,-0.10571617158976468,0.5137149215188046,-0.96222984790802,0.7456995844841003,11,0.18181818181818182,0.2727272727272727,0.9507278662410427
2018-03-17,-0.11554006934165954,0.24604129508074515,-0.6513432860374451,0.0,10,0.0,0.2,0.9734704749058453
2018-03-18,-0.2689822514851888,0.40974814042121344,-0.9421401023864746,0.0,9,0.0,0.3333333333333333,-0.19121159257838813
2018-03-19,-0.27472324172655743,0.5264627939305804,-0.9651919603347778,0.5422038435935974,15,0.13333333333333333,0.4,-0.25468512255801107
2018-03-20,-0.4247111054984006,0.6950456483073727,-0.9364144206047058,0.870760977268219,11,0.18181818181818182,0.7272727272727273,-1.3564280415647185
2018-04-06,-0.24819105863571167,0.7841430911699433,-0.9384799599647522,0.9410898685455322,8,0.25,0.5,0.009716921754164505
2018-04-07,-0.2740991339087486,0.588534479349488,-0.957695722579956,0.6210067868232727,8,0.125,0.375,-0.13248838003679625
2018-04-08,-0.21233335137367249,0.42466670274734497,-0.8493334054946899,0.0,4,0.0,0.25,0.3961835369516384
2018-04-09,-0.18046541346444023,0.6814469781487669,-0.8841657042503357,0.9295831918716431,9,0.2222222222222222,0.4444444444444444,0.6216662293939265
2018-04-10,-0.3476814296510484,0.555376072936902,-0.9446684718132019,0.6935620307922363,9,0.1111111111111111,0.5555555555555556,-0.7250949971791035
2018-04-11,-0.08590590953826904,0.6452579367133613,-0.9686045050621033,0.9493464827537537,18,0.2222222222222222,0.3333333333333333,1.2538536870840271
2018-04-12,0.0,0.0,0.0,0.0,1,0.0,0.0,1.8194595629819157
2018-04-27,-0.47001690997017753,0.4646151621051499,-0.9707111120223999,0.0,9,0.0,0.5555555555555556,-2.0123451992150048
2018-04-28,-0.25551215807596844,0.39695843719122464,-0.8136663436889648,0.0,6,0.0,0.3333333333333333,-0.23945926524737152
2018-04-29,-0.06196841597557068,0.4763856302668413,-0.9236841201782227,0.5518736243247986,6,0.16666666666666666,0.16666666666666666,1.3072891715087804
2018-04-30,-0.33110358417034147,0.5418477913935177,-0.9593068361282349,0.44937726855278015,10,0.1,0.4,-0.926236731490083
2018-05-01,-0.2842908776723422,0.6060900118931783,-0.9678414463996887,0.922953724861145,13,0.15384615384615385,0.46153846153846156,-0.5238518745925359
2018-05-02,-0.5230278521776199,0.595112168036365,-0.9607017040252686,0.7147529125213623,8,0.125,0.75,-2.06586035067429
2018-10-04,-0.3109276954616819,0.530283744856273,-0.9662997722625732,0.7332646250724792,14,0.07142857142857142,0.42857142857142855,-0.4785163605757774
2018-10-05,-0.44760503087724957,0.5194391197556677,-0.9728674292564392,0.5525230169296265,14,0.07142857142857142,0.5714285714285714,-1.314072367237124
2018-10-06,-0.47673287987709045,0.6742021043513649,-0.9534657597541809,0.0,2,0.0,0.5,-1.3614092427581854
2018-10-07,-0.22117728846413748,0.37918075082950675,-0.8314741253852844,0.0,7,0.0,0.2857142857142857,0.45474882149602813
2018-10-08,-0.5793320536613464,0.417928556060594,-0.950848400592804,0.0,10,0.0,0.7,-1.8008918886776863
2018-10-09,-0.504972520199689,0.5786811398298835,-0.962583065032959,0.8621336817741394,11,0.09090909090909091,0.7272727272727273,-1.1967426887208013
2018-10-10,0.0,0.0,0.0,0.0,1,0.0,0.0,1.679293473640741
2018-11-14,-0.36300740018486977,0.5535960041194393,-0.970339834690094,0.9400161504745483,16,0.0625,0.5,-0.38313726546406457
2018-11-15,-0.37109990914662677,0.4711969539575704,-0.9674988985061646,0.0,15,0.0,0.4,-0.4002168273344164
2018-11-16,-0.36755819370349246,0.5390766088604987,-0.9612798690795898,0.6393289566040039,12,0.08333333333333333,0.5,-0.336742643198248
2018-11-17,-0.349531888961792,0.4406036790643977,-0.9226152300834656,0.0,7,0.0,0.42857142857142855,-0.1868474288858299
2018-11-18,-0.3648820188310411,0.4420236480631514,-0.9304601550102234,0.0,9,0.0,0.4444444444444444,-0.27124154967547753
2018-11-19,-0.5047113418579101,0.5650916781145385,-0.970419704914093,0.758034348487854,15,0.06666666666666667,0.6,-0.99083859049692
2018-11-29,-0.366101947095659,0.6592985519761225,-0.9384686350822449,0.8380424380302429,9,0.2222222222222222,0.6666666666666666,-0.057493979908488375
2018-11-30,-0.0014988075603138316,0.7422674276791567,-0.9155616164207458,0.950000524520874,11,0.36363636363636365,0.36363636363636365,2.0287223952213043
2018-12-01,-0.1720645844936371,0.5609277593931176,-0.9606972932815552,0.8972534537315369,10,0.1,0.3,0.9452879830728943
2018-12-02,-0.12209535837173462,0.259743256549258,-0.6843279004096985,0.0,10,0.0,0.2,1.2979045389524202
2018-12-03,-0.40285890868731905,0.4286252059844772,-0.968579888343811,0.0,14,0.0,0.5,-0.40528102077141603
2018-12-04,-0.42538835207621256,0.5145014578628431,-0.970551073551178,0.5424366593360901,15,0.06666666666666667,0.5333333333333333,-0.4980129169096595
2019-01-02,-0.4415328936143355,0.7075368595842935,-0.9694883227348328,0.8404515981674194,11,0.18181818181818182,0.6363636363636364,-0.635745334764482
2019-01-03,-0.6471788149613601,0.44991809288677653,-0.9700468182563782,0.0,13,0.0,0.6923076923076923,-1.6696324567585583
2019-01-04,-0.3066467195749283,0.6154227539345279,-0.9715991020202637,0.9165655970573425,12,0.16666666666666666,0.5833333333333334,0.24711618553283726
2019-01-05,-0.3573877896581377,0.45241711796004747,-0.9402887225151062,0.0,7,0.0,0.42857142857142855,-0.08173786225236261
2019-01-06,-0.1014762595295906,0.2870182049712781,-0.8118100762367249,0.0,8,0.0,0.125,1.3332996320067336
2019-01-07,-0.3898886164029439,0.547090338995188,-0.9701436161994934,0.8627568483352661,15,0.06666666666666667,0.5333333333333333,-0.3679296082556084
2019-01-31,-0.32747084349393846,0.4750402381292581,-0.9714363217353821,0.451520711183548,20,0.05,0.4,-0.051239222496827844
2019-02-01,-0.06381445874770482,0.6186074142377999,-0.9257800579071045,0.9418178796768188,12,0.25,0.3333333333333333,1.6471742458934877
2019-02-02,-0.35160238634456287,0.4169177843196946,-0.924825131893158,0.0,11,0.0,0.45454545454545453,-0.19045500184021186
2019-02-03,-0.05125517315334744,0.3794737663206225,-0.9618285894393921,0.5005320310592651,9,0.1111111111111111,0.1111111111111111,1.5198325267653239
2019-02-04,-0.2835932738251156,0.7374231250310966,-0.9698861241340637,0.9025551080703735,9,0.2222222222222222,0.5555555555555556,0.1076046623167362
2019-02-05,-0.2534321431930249,0.4112261702245201,-0.9631779789924622,0.0,13,0.0,0.3076923076923077,0.25966837170755785
2019-05-03,-0.07033523321151733,0.7769914105373082,-0.9712518453598022,0.9380783438682556,10,0.3,0.4,1.2211974586226217
2019-05-04,-0.1451756258805593,0.35560620649655805,-0.8710537552833557,0.0,6,0.0,0.16666666666666666,0.7093155761560059
2019-05-05,-0.14886416494846344,0.348480046357463,-0.9488149881362915,0.0,12,0.0,0.16666666666666666,0.6222015945511553
2019-05-06,-0.43789313520704,0.5297897674570837,-0.9296166896820068,0.6856428980827332,14,0.07142857142857142,0.5714285714285714,-1.0089106138871633
2019-05-07,-0.4914769942943866,0.4216467383619337,-0.9650505185127258,0.0,13,0.0,0.6153846153846154,-1.2045519836528422
2019-05-08,-0.3609195997317632,0.5726212694295717,-0.9609013199806213,0.824860692024231,12,0.08333333333333333,0.5,-0.35760240953430256
2019-05-09,-0.9534283876419067,0.0,-0.9534283876419067,-0.9534283876419067,1,0.0,1.0,-2.8656037545548085
2019-06-08,-0.11369688808917999,0.6316699043488376,-0.9519795775413513,0.8268908858299255,8,0.25,0.375,0.9086745675336962
2019-06-09,-0.1050468310713768,0.29711730637091305,-0.8403746485710144,0.0,8,0.0,0.125,0.8614897218608024
2019-06-10,-0.340044101079305,0.5458062423744264,-0.9695644974708557,0.9272434115409851,18,0.05555555555555555,0.4444444444444444,-0.27473185715268794
2019-06-11,-0.19698931620671198,0.613698800877506,-0.9667848944664001,0.8766302466392517,13,0.23076923076923078,0.38461538461538464,0.3826285458629632
2019-06-12,-0.1479590397614699,0.44307519530258793,-0.9717352986335754,0.6462304592132568,13,0.07692307692307693,0.23076923076923078,0.5638684528746543
2019-06-13,-0.38209546889577595,0.4182339588187893,-0.9427751898765564,0.0,14,0.0,0.5,-0.48639458386676104
2019-07-31,-0.4365138915868906,0.6153752733831006,-0.9734988212585449,0.8957512378692627,13,0.15384615384615385,0.6923076923076923,-0.7309735577605025
2019-08-01,-0.2855865716934204,0.5233223082877256,-0.9691325426101685,0.8368069529533386,20,0.05,0.35,-0.021943879206954217
2019-08-02,-0.2148773303398719,0.5114223786248756,-0.9383025765419006,0.9387092590332031,13,0.07692307692307693,0.38461538461538464,0.36098846138781454
2019-08-03,-0.17746153473854065,0.5007701621532545,-0.895236611366272,0.8942838907241821,12,0.08333333333333333,0.3333333333333333,0.49952254129827406
2019-08-04,-0.013026210394772616,0.3959269690852539,-0.954588770866394,0.8113004565238953,11,0.09090909090909091,0.09090909090909091,1.2775523778087323
2019-08-05,-0.45118874112764995,0.4107118092869088,-0.9697870016098022,0.0,15,0.0,0.6,-0.7816749037938379
2019-08-06,-0.632988691329956,0.5485490057877862,-0.9694830179214478,0.0,3,0.0,0.6666666666666666,-1.4599326044642158
2019-08-21,-0.3442300293180678,0.6461010851416639,-0.9244373440742493,0.7210238575935364,9,0.2222222222222222,0.6666666666666666,-0.1160531042324941
2019-08-22,-0.3548298527797063,0.4441899869900784,-0.9736778736114502,0.0,12,0.0,0.4166666666666667,-0.11866082797956837
2019-08-23,-0.2833084795210097,0.4279056180727615,-0.9531054496765137,0.0,9,0.0,0.3333333333333333,0.2518339454608744
2019-08-24,-0.3368204772472382,0.4384900856590487,-0.9335249066352844,0.0,10,0.0,0.4,-0.02730965443349275
2019-08-25,-0.3252674639225006,0.4518183798361217,-0.9444962739944458,0.0,8,0.0,0.375,-0.011960776432299997
2019-08-26,-0.24142958058251274,0.5222040313333899,-0.9735833406448364,0.520369827747345,9,0.1111111111111111,0.3333333333333333,0.3665986444248867
2019-09-11,-0.1284178766337308,0.5143356383542221,-0.8129256963729858,0.7887171506881714,11,0.18181818181818182,0.36363636363636365,1.0140864523523172
2019-09-12,-0.14716529846191406,0.5558452321298376,-0.9260667562484741,0.891938328742981,19,0.15789473684210525,0.3684210526315789,0.9075878754727498
2019-09-13,-0.07571389526128769,0.5134191779218871,-0.8595790863037109,0.9447106122970581,12,0.16666666666666666,0.25,1.3766960196437112
2019-09-14,-0.13357081738385287,0.31417340532683474,-0.962577760219574,0.0,11,0.0,0.18181818181818182,0.892174368070584
2019-09-15,-0.31942192145756315,0.41583820488728873,-0.929432213306427,0.0,7,0.0,0.42857142857142855,-0.3244978754642604
2019-09-16,-0.37079197594097685,0.6409029041663545,-0.970778226852417,0.9290275573730469,14,0.14285714285714285,0.5714285714285714,-0.6032548862686282
2019-10-06,-0.38066806793212893,0.5212741248405065,-0.9585809707641602,0.0,5,0.0,0.4,-0.6716362671849089
2019-10-07,-0.3969102700551351,0.6067801253202825,-0.9599356651306152,0.752541184425354,9,0.1111111111111111,0.5555555555555556,-0.8072599732101933
2019-10-08,-0.4904412201472691,0.5504744313888267,-0.950222909450531,0.8216509222984314,14,0.07142857142857142,0.6428571428571429,-1.3174745123905482
2019-10-09,0.013261561592419943,0.45454038040618716,-0.8412184119224548,0.8623202443122864,12,0.16666666666666666,0.16666666666666666,1.7699862322992155
2019-10-10,-0.10907412426812309,0.7853195524630214,-0.9526893496513367,0.941821813583374,7,0.2857142857142857,0.42857142857142855,0.9923334603278714
2019-10-11,0.07536872029304505,0.5953648460203009,-0.9252145886421204,0.8764703869819641,10,0.3,0.2,1.9657574932716777
2019-10-12,-0.4689643383026123,0.0,-0.4689643383026123,-0.4689643383026123,1,0.0,1.0,-1.106199168632378
2020-02-20,-0.23391590846909416,0.5238565548167132,-0.9645458459854126,0.7341074347496033,18,0.1111111111111111,0.3888888888888889,0.11985187672460293
2020-02-21,-0.2996059109767278,0.5298835130649971,-0.9731816649436951,0.6780512928962708,12,0.08333333333333333,0.4166666666666667,-0.3176415375319574
2020-02-22,0.07029123817171369,0.18597313554916492,0.0,0.49203866720199585,7,0.14285714285714285,0.0,1.777512871236613
2020-02-23,-0.09380687908692793,0.6742473060877923,-0.9332435727119446,0.9338653683662415,11,0.2727272727272727,0.36363636363636365,0.7378548071161829
2020-02-24,-0.2124530937936571,0.4215775332562943,-0.9597094058990479,0.0,9,0.0,0.2222222222222222,0.00583296279468325
2020-02-25,-0.45309104663985117,0.47083177913144425,-0.9526795148849487,0.0,14,0.0,0.5,-1.3323804026626362
2020-03-15,-0.2725027799606323,0.3920845302202785,-0.8981241583824158,0.0,11,0.0,0.36363636363636365,-0.29144370901772104
2020-03-16,-0.35558098554611206,0.4547992242802652,-0.970318615436554,0.0,15,0.0,0.4,-0.6962766216198653
2020-03-17,-0.25981379496423823,0.5948489624657916,-0.9182270169258118,0.7709059715270996,19,0.21052631578947367,0.47368421052631576,-0.12229135123938695
2020-03-18,-0.26941152215003966,0.4342238738209779,-0.9428314566612244,0.0,10,0.0,0.3,-0.12475169574413161
2020-03-19,-0.2799068142970403,0.550655227566837,-0.9601516723632812,0.7763441205024719,18,0.1111111111111111,0.3888888888888889,-0.14504324642481053
2020-03-20,-0.34534783363342286,0.6151489536543606,-0.9620330929756165,0.8898149728775024,10,0.1,0.5,-0.522350212288306
2020-08-09,-0.12767646461725235,0.5561157715821257,-0.9595887660980225,0.7975032329559326,8,0.125,0.25,0.6877863487556345
2020-08-10,-0.5118785910308361,0.35785862979321287,-0.9327904582023621,0.0,8,0.0,0.75,-1.4671920213417837
2020-08-11,-0.6358548743384225,0.44152224668343154,-0.9658641219139099,0.0,7,0.0,0.7142857142857143,-1.9095671865020774
2020-08-12,-0.3132178336381912,0.6928626299792211,-0.9707414507865906,0.9403758645057678,12,0.16666666666666666,0.5833333333333334,-0.31367812432047754
2020-08-13,-0.4690007269382477,0.6107735052390115,-0.9644726514816284,0.9229416847229004,18,0.1111111111111111,0.6111111111111112,-1.0420289425076048
2020-08-14,-0.287828300680433,0.9043627996193816,-0.9720313549041748,0.9339310526847839,7,0.2857142857142857,0.5714285714285714,-0.0034615799679508278
2020-08-15,0.7723734378814697,0.0,0.7723734378814697,0.7723734378814697,1,1.0,0.0,3.561003403232271
2020-08-30,-0.22705495357513428,0.6612451388973042,-0.9540693759918213,0.9548384547233582,8,0.125,0.375,0.04663782394036663
2020-08-31,-0.45740458369255066,0.5010824840060419,-0.9220196008682251,0.0,6,0.0,0.5,-0.7167895126361116
2020-09-01,-0.18352763851483664,0.5830890030090997,-0.9617096781730652,0.9303741455078125,15,0.2,0.4,0.21602962492628824
2020-09-02,-0.5306000933051109,0.6739046944336459,-0.9698400497436523,0.9200556874275208,8,0.125,0.75,-0.8972357212302455
2020-09-03,-0.4552031606435776,0.7124477403852048,-0.9592081308364868,0.9205101132392883,12,0.16666666666666666,0.6666666666666666,-0.569636116825421
2020-09-04,-0.16475341469049454,0.6163743434950717,-0.966374397277832,0.7505651712417603,16,0.25,0.375,0.44525885463661824
2020-09-23,-0.6423097600539526,0.3979798896961238,-0.9705212116241455,0.0,12,0.0,0.75,-1.1653476303205266
2020-09-24,-0.5538828143706689,0.3996773575646008,-0.9426193237304688,0.0,13,0.0,0.6923076923076923,-0.8011466447344195
2020-09-25,-0.3743749811099126,0.43380341250628934,-0.968766450881958,0.0,13,0.0,0.46153846153846156,-0.19613589734658005
2020-09-26,-0.19115389585494996,0.4274331052955834,-0.9557694792747498,0.0,5,0.0,0.2,0.4047713251184413
2020-09-27,0.0,0.0,0.0,0.0,3,0.0,0.0,0.9720347269961608
2020-09-28,0.1120624728500843,0.6650670475660705,-0.9580575227737427,0.9410580992698669,16,0.375,0.25,1.2192917283759723
2020-11-28,-0.135471781094869,0.3318367382284496,-0.8128306865692139,0.0,6,0.0,0.16666666666666666,0.4139773889167438
2020-11-29,-0.09620773792266846,0.4000137857818623,-0.8264164328575134,0.5804335474967957,10,0.1,0.2,0.5296537092319762
2020-11-30,-0.01906462691046975,0.45769699226937766,-0.800570011138916,0.7241591811180115,11,0.18181818181818182,0.18181818181818182,0.6940395699480671
2020-12-01,-0.2522928944000831,0.7518653515468752,-0.9593702554702759,0.9395657181739807,13,0.23076923076923078,0.5384615384615384,-0.09347670752251036
2020-12-02,-0.20539655364476717,0.4587726935912153,-0.9609196186065674,0.7657042145729065,13,0.07692307692307693,0.38461538461538464,0.04111175988951984
2020-12-03,0.06223541498184204,0.6369365552781466,-0.9561711549758911,0.8766313195228577,13,0.3076923076923077,0.23076923076923078,0.8237397459234997
2021-01-27,-0.37987979874014854,0.5332065254671003,-0.965838611125946,0.7678975462913513,16,0.0625,0.5,-0.5924420449801153
2021-01-28,-0.1115724797602053,0.5975160464326764,-0.9751195311546326,0.9473508596420288,27,0.18518518518518517,0.2962962962962963,0.6055269885189731
2021-01-29,-0.20879949794875252,0.5006164476045273,-0.9361289739608765,0.6833436489105225,18,0.1111111111111111,0.3333333333333333,0.1437896746183908
2021-01-30,-0.1854080528020859,0.511203502703983,-0.8956924676895142,0.8526613116264343,10,0.1,0.4,0.19540309035872352
2021-01-31,-0.22491958364844322,0.46183482812984905,-0.8302849531173706,0.44906124472618103,8,0.125,0.375,0.014198143245578667
2021-02-01,0.2382141309125083,0.5437439724335262,-0.9635087847709656,0.9279923439025879,14,0.35714285714285715,0.07142857142857142,1.9591506579309295
2021-02-02,-0.847309947013855,0.0,-0.847309947013855,-0.847309947013855,1,0.0,1.0,-2.478944034489541
2021-02-17,0.012746423482894897,0.41095199314522085,-0.8766635060310364,0.8801849484443665,19,0.15789473684210525,0.15789473684210525,0.812199043133763
2021-02-18,0.1056970201040569,0.5951226336208696,-0.9554588794708252,0.954656183719635,19,0.3157894736842105,0.15789473684210525,1.0792658687641568
2021-02-19,-0.1550767183303833,0.42290736941917184,-0.9651534557342529,0.6806831955909729,15,0.06666666666666667,0.26666666666666666,-0.05313519360746345
2021-02-20,-0.02854030132293701,0.6231415671672346,-0.9508712291717529,0.8081697225570679,5,0.2,0.2,0.42961048837618504
2021-03-13,-0.0760943628847599,0.5079515575017465,-0.9579383730888367,0.8355818390846252,8,0.125,0.25,0.1936870010022842
2021-03-14,-0.2971961498260498,0.43664746317395786,-0.9668233394622803,0.0,5,0.0,0.4,-0.7165560546886939
2021-03-15,-0.39330028295516967,0.7039243729216337,-0.9730791449546814,0.8392853140830994,10,0.2,0.6,-1.0322959991119278
2021-03-16,-0.3591457141770257,0.44400664292233744,-0.9622240662574768,0.0,9,0.0,0.4444444444444444,-0.8165434470131042
2021-03-17,-0.25026766611979556,0.6053217302745901,-0.9292309284210205,0.8629207611083984,13,0.15384615384615385,0.46153846153846156,-0.3104905294684489
2021-03-18,-0.4319376068956712,0.5965335412814988,-0.9701380133628845,0.7195613384246826,17,0.17647058823529413,0.6470588235294118,-0.9950229137434123
2021-03-19,0.0,0.0,0.0,0.0,1,0.0,0.0,0.7866397681907322
2021-04-15,-0.15409976769896114,0.6205761409033991,-0.9311391115188599,0.9080359935760498,17,0.17647058823529413,0.4117647058823529,0.1268606194766386
2021-04-16,-0.23894428014755248,0.47180714997522166,-0.9275705814361572,0.5703814625740051,10,0.1,0.4,-0.17201050220700284
2021-04-17,-0.08297294920141046,0.47140302411086416,-0.7892205715179443,0.770626425743103,11,0.18181818181818182,0.2727272727272727,0.4453974506891408
2021-04-18,-0.4135499969124794,0.4494477315629163,-0.9628719687461853,0.0,8,0.0,0.5,-0.9196695919137127
2021-04-19,-0.12803462147712708,0.5299238555703212,-0.9300021529197693,0.8396092057228088,12,0.16666666666666666,0.3333333333333333,0.28929734131431534
2021-04-20,-0.1919223889708519,0.6465116451453318,-0.9691579937934875,0.8539217710494995,16,0.25,0.375,0.016766908747587503
2021-04-21,-0.4087692201137543,0.5780869749655443,-0.8175384402275085,0.0,2,0.0,0.5,-0.8560695372280718
2021-04-22,-0.10156188408533733,0.588533796455726,-0.9710234999656677,0.892278790473938,12,0.16666666666666666,0.3333333333333333,0.5582040264581163
2021-04-23,-0.08465681292793968,0.6458677413963616,-0.9363975524902344,0.9363222122192383,11,0.18181818181818182,0.2727272727272727,0.622016039251536
2021-04-24,0.03959511859076364,0.560172036204143,-0.7038903832435608,0.7592993378639221,7,0.2857142857142857,0.2857142857142857,1.3765937760947757
2021-04-25,0.03439350639070783,0.4846773640118122,-0.7129209637641907,0.9536755084991455,7,0.14285714285714285,0.14285714285714285,1.4194821199196552
2021-04-26,0.12808477239949362,0.6134264882071496,-0.5548402667045593,0.9344135522842407,14,0.35714285714285715,0.35714285714285715,1.7599213481621256
2021-04-27,0.09752442439397176,0.6509388359653985,-0.8907902836799622,0.9486786127090454,12,0.3333333333333333,0.25,1.4766760789950433
2021-04-28,0.7235656380653381,0.0,0.7235656380653381,0.7235656380653381,1,1.0,0.0,3.181011317502165
2021-05-21,-0.03255921105543772,0.6930785809601934,-0.97036212682724,0.9425992369651794,12,0.3333333333333333,0.3333333333333333,0.3018869343310094
2021-05-22,-0.21736487058492807,0.5026652402503433,-0.9390565156936646,0.8606158494949341,13,0.07692307692307693,0.38461538461538464,-0.44156949803300005
2021-05-23,-0.32485787868499755,0.45780286656013836,-0.9651790857315063,0.0,5,0.0,0.4,-0.8712540257520958
2021-05-24,-0.18773894147439438,0.6449730007392506,-0.9353687763214111,0.8909653425216675,11,0.18181818181818182,0.45454545454545453,-0.34970290642792445
2021-05-25,-0.35983823104338214,0.6736990128105008,-0.9598110914230347,0.8838615417480469,11,0.18181818181818182,0.5454545454545454,-1.0592228726938824
2021-05-26,0.11312373326374935,0.5809613694012101,-0.9442713260650635,0.9389292597770691,13,0.3076923076923077,0.15384615384615385,0.7998001107059972
2021-05-27,0.0,0.0,0.0,0.0,1,0.0,0.0,0.32258010885893934
2021-09-10,-0.2643372008675023,0.5622469183860672,-0.9749982357025146,0.9347957968711853,19,0.10526315789473684,0.42105263157894735,-0.7120279171442061
2021-09-11,-0.09763907061682807,0.2929172118504842,-0.8787516355514526,0.0,9,0.0,0.1111111111111111,-0.05425670128969026
2021-09-12,-0.45094937748379177,0.4341310826536906,-0.9638557434082031,0.0,9,0.0,0.5555555555555556,-1.4198950896671556
2021-09-13,-0.23445921594446356,0.6457754087312165,-0.9500361084938049,0.8710611462593079,11,0.18181818181818182,0.45454545454545453,-0.5532838766451043
2021-09-14,-0.43634963035583496,0.6225338793834015,-0.960258960723877,0.785668134689331,13,0.15384615384615385,0.6923076923076923,-1.2346225531220747
2021-09-15,-0.2320394027233124,0.5502011451411675,-0.9741413593292236,0.8032351732254028,25,0.16,0.48,-0.525215202946753
2021-09-16,0.08825455109278361,0.7865981462843504,-0.6504942774772644,0.9152579307556152,3,0.3333333333333333,0.3333333333333333,0.6529619923126563
2021-10-13,-0.07812191889836238,0.7937091807044603,-0.9670023322105408,0.9333136081695557,13,0.38461538461538464,0.46153846153846156,0.02437247961939783
2021-10-14,-0.18466921523213387,0.5718464933056623,-0.9526141881942749,0.94953852891922,16,0.125,0.375,-0.33609585719690355
2021-10-15,0.08025768730375502,0.46353019532970263,-0.7843238711357117,0.8688702583312988,9,0.2222222222222222,0.1111111111111111,0.653728832884695
2021-10-16,-0.3354554533958435,0.4606685292136073,-0.8880565762519836,0.0,5,0.0,0.4,-0.8234630227780222
2021-10-17,-0.3782526031136513,0.41756964206235947,-0.9442558288574219,0.0,8,0.0,0.5,-0.8912910944445848
2021-10-18,-0.26030322909355164,0.45135366998019266,-0.9636340737342834,0.39521509408950806,14,0.07142857142857142,0.35714285714285715,-0.40722797620880025
2021-10-19,-0.9618183970451355,0.0,-0.9618183970451355,-0.9618183970451355,1,0.0,1.0,-3.015935795591024
2021-11-23,-0.06732941998375787,0.5317809684526258,-0.9747551083564758,0.9502077698707581,90,0.17777777777777778,0.25555555555555554,0.6622590904614178
2021-11-24,-0.11645926237106323,0.24551821323507816,-0.5833792686462402,0.0,10,0.0,0.2,0.4175442226387492
2021-12-22,-0.16048019665938157,0.7088475399835412,-0.9584392309188843,0.7933605313301086,13,0.38461538461538464,0.46153846153846156,0.23105787133269487
2021-12-23,-0.36814993619918823,0.7200337184071745,-0.9673795104026794,0.9202995896339417,13,0.23076923076923078,0.6153846153846154,-0.6179036736354955
2021-12-24,-0.2330980271100998,0.5627649814530105,-0.9566465616226196,0.8459813594818115,10,0.1,0.4,0.006358654733128117
2021-12-25,-0.40471503138542175,0.5723534862815163,-0.8094300627708435,0.0,2,0.0,0.5,-0.6587757849855834
2021-12-26,-0.16593207554383713,0.5475526376077354,-0.947809100151062,0.9034228324890137,11,0.09090909090909091,0.2727272727272727,0.36756728903441105
2021-12-27,-0.35652581188413834,0.42894016256764056,-0.9651482105255127,0.0,9,0.0,0.4444444444444444,-0.4133959021433875
2022-01-01,0.045336892207463585,0.4961437364716198,-0.6405612230300903,0.9125825762748718,6,0.16666666666666666,0.16666666666666666,1.220965971998099
2022-01-02,-0.35738563537597656,0.7321819637962209,-0.9037652611732483,0.771903932094574,5,0.2,0.6,-0.4846994041691564
2022-01-03,-0.1773477281842913,0.7713010591759152,-0.9602689743041992,0.8664012551307678,7,0.2857142857142857,0.42857142857142855,0.23467640305474072
2022-01-04,-0.039856051697450524,0.6629737825289963,-0.9650536179542542,0.9129069447517395,17,0.29411764705882354,0.35294117647058826,0.7784345169449699
2022-01-05,-0.20072728853959304,0.47774367794515304,-0.9555934071540833,0.7039942145347595,13,0.07692307692307693,0.3076923076923077,0.15915515870102895
2022-01-06,-0.10409087484533136,0.580533025721184,-0.9427208304405212,0.8582475185394287,11,0.18181818181818182,0.36363636363636365,0.6028445160291637
2022-03-12,-0.44194785186222624,0.4147075858126499,-0.9540953636169434,0.0,14,0.0,0.5714285714285714,-0.8511310708205672
2022-03-13,-0.49291011461844814,0.41382776264081755,-0.947205662727356,0.0,13,0.0,0.6153846153846154,-0.9848348405132621
2022-03-14,-0.33223100503285724,0.5066519983765904,-0.9669647812843323,0.7344554662704468,18,0.05555555555555555,0.4444444444444444,-0.2463052635288445
2022-03-15,-0.5259560426076253,0.6024362495170043,-0.9684556722640991,0.7433515191078186,15,0.13333333333333333,0.6666666666666666,-1.074258243263933
2022-03-16,0.0848265473659222,0.6133568248931028,-0.818897545337677,0.9022374749183655,13,0.38461538461538464,0.3076923076923077,1.4846513358452236
2022-03-17,-0.4136282939996038,0.5110256801625135,-0.9744669198989868,0.7788462042808533,28,0.07142857142857142,0.5357142857142857,-0.9658768013840666
2022-04-02,-0.22175633907318115,0.6231701435398252,-0.8749772310256958,0.8959814310073853,11,0.18181818181818182,0.45454545454545453,0.15778225141048113
2022-04-03,-0.07820625603199005,0.5839143799552549,-0.9466560482978821,0.6112579107284546,8,0.25,0.25,0.9638731555862817
2022-04-04,-0.17366169691085814,0.6666321075830265,-0.945052981376648,0.9037355184555054,10,0.2,0.4,0.42408808797272485
2022-04-05,-0.21560356250176063,0.451817816219492,-0.9732387065887451,0.5114294290542603,13,0.07692307692307693,0.3076923076923077,0.14271424613907968
2022-04-06,-0.46018411715825397,0.4158209664576518,-0.9587359428405762,0.0,15,0.0,0.6,-1.1607791036258108
2022-04-07,-0.26326741163547224,0.650845156527419,-0.9674230813980103,0.8684425354003906,13,0.15384615384615385,0.46153846153846156,-0.10628732395545777
2022-05-21,-0.2853500172495842,0.4557631000925974,-0.936496376991272,0.42154601216316223,12,0.08333333333333333,0.4166666666666667,-0.19867538787439026
2022-05-22,-0.34189824263254803,0.43790220172379335,-0.9644045829772949,0.0,12,0.0,0.4166666666666667,-0.5267494037695549
2022-05-23,-0.3433519524076711,0.5280344904676384,-0.9701102375984192,0.8157892227172852,23,0.08695652173913043,0.5217391304347826,-0.4592292305367774
2022-05-24,-0.2337651745132778,0.6993775492960992,-0.9560695886611938,0.9471680521965027,23,0.21739130434782608,0.4782608695652174,0.18275039243277832
2022-05-25,-0.23294279154609232,0.6263938719521183,-0.9530125260353088,0.8619077801704407,17,0.17647058823529413,0.47058823529411764,0.20663385957382174
2022-05-26,-0.07389113493263721,0.4141979708911836,-0.9292574524879456,0.7119238972663879,16,0.125,0.1875,1.2352756890763057
2022-05-27,-0.7171578407287598,0.0,-0.7171578407287598,-0.7171578407287598,1,0.0,1.0,-2.289157154352141
2022-06-05,-0.24513186727251327,0.6047097359651513,-0.9666655659675598,0.7335724830627441,7,0.14285714285714285,0.42857142857142855,0.3067618496345309
2022-06-06,-0.3500354290008545,0.5596939885016534,-0.9712556600570679,0.6520140767097473,16,0.125,0.5,-0.3054866710804265
2022-06-07,-0.18552588754230076,0.6863444586186653,-0.9685353636741638,0.9283321499824524,18,0.2222222222222222,0.4444444444444444,0.5492429854406036
2022-06-08,-0.26858369613948624,0.7122697672997268,-0.9670277833938599,0.9320842027664185,19,0.21052631578947367,0.5263157894736842,0.05029418381244365
2022-06-09,-0.4312450791660108,0.39887027078662163,-0.9582024216651917,0.0,19,0.0,0.5789473684210527,-0.9539574979026417
2022-06-10,-0.26993816904723644,0.5000701714135065,-0.9633280038833618,0.707987368106842,16,0.0625,0.375,0.14144844805602363
2022-06-25,-0.44686102441379,0.44048798756010976,-0.9287249445915222,0.0,7,0.0,0.5714285714285714,-1.0661646394824629
2022-06-26,-0.41759989091328215,0.4078806523772258,-0.9013409614562988,0.0,7,0.0,0.5714285714285714,-0.7886864109662778
2022-06-27,-0.3986338632447379,0.5949364357754481,-0.9475115537643433,0.6519058346748352,14,0.14285714285714285,0.5714285714285714,-0.5840677095794903
2022-06-28,-0.4160492282647353,0.5124610035117823,-0.9624573588371277,0.5447776913642883,13,0.07692307692307693,0.5384615384615384,-0.6346313756252933
2022-06-29,-0.4177190916878836,0.5742094954264101,-0.969672441482544,0.9301683306694031,14,0.07142857142857142,0.5714285714285714,-0.5786414490178339
2022-06-30,-0.2859881599744161,0.6200617539995343,-0.9699174165725708,0.8931739926338196,15,0.2,0.4666666666666667,0.34337315984896594
2022-08-23,-0.24202828407287597,0.5420285543323723,-0.9722580909729004,0.9562181234359741,85,0.08235294117647059,0.35294117647058826,0.6655011352834382
2022-08-24,0.03885212999123793,0.5377182939383977,-0.927560567855835,0.923662006855011,13,0.23076923076923078,0.15384615384615385,2.261861088111147
2022-10-27,-0.25349606275558473,0.6418525407990001,-0.9695954322814941,0.9415836334228516,20,0.15,0.45,0.35841086170548175
2022-10-28,-0.010193333906285903,0.6346426479756723,-0.9707565307617188,0.921822190284729,17,0.29411764705882354,0.35294117647058826,1.66503193377756
2022-10-29,-0.29025844591004507,0.4115880341771926,-0.9564692378044128,0.0,14,0.0,0.35714285714285715,0.03228251062044378
2022-10-30,-0.28458136320114136,0.5406477920905478,-0.9681740999221802,0.7824218273162842,11,0.09090909090909091,0.45454545454545453,0.08138426937261035
2022-10-31,-0.40263889116399426,0.48937459008887285,-0.9492169618606567,0.5717142224311829,17,0.058823529411764705,0.5294117647058824,-0.5444295392364449
2022-11-01,-0.26523712939686245,0.5928317666288082,-0.9705958962440491,0.933664858341217,18,0.1111111111111111,0.4444444444444444,0.20555940865379246
2022-12-04,-0.517618749822889,0.4843003790604064,-0.9251471757888794,0.0,7,0.0,0.5714285714285714,-1.5171449359315186
2022-12-05,-0.025531230494379997,0.47019227270717406,-0.94883793592453,0.9458461999893188,16,0.1875,0.1875,1.7314025465391953
2022-12-06,-0.16567943803966045,0.7132834073327149,-0.9286375641822815,0.9373894333839417,16,0.25,0.5,0.8017229936970949
2022-12-07,-0.3416246631566216,0.609497396865724,-0.9718458652496338,0.9504257440567017,17,0.11764705882352941,0.5294117647058824,-0.3216918842411501
2022-12-08,-0.35686711704029755,0.5557313405431719,-0.9636391401290894,0.9497886896133423,17,0.058823529411764705,0.47058823529411764,-0.4529751671757777
2022-12-09,-0.48739055583351537,0.4826205835297212,-0.9518504738807678,0.6617816090583801,19,0.05263157894736842,0.631578947368421,-1.1957112382498942
2022-12-31,-0.15001848936080933,0.33545154009259864,-0.7500924468040466,0.0,5,0.0,0.2,0.8588049810127364
2023-01-01,-0.3521452784538269,0.5540481890292673,-0.9204907417297363,0.8349927067756653,10,0.1,0.6,-0.45936715781989135
2023-01-02,-0.5220968723297119,0.4558272577211658,-0.9755026698112488,0.0,10,0.0,0.6,-1.4523229313240522
2023-01-03,-0.43695064187049865,0.49427467584079887,-0.9332029819488525,0.602144181728363,15,0.06666666666666667,0.6,-0.9136112131628614
2023-01-04,-0.33064645879408894,0.6165857914536874,-0.9662123322486877,0.9379339218139648,17,0.17647058823529413,0.5882352941176471,-0.29081141368210806
2023-01-05,-0.586784188236509,0.5842935882720951,-0.9660719037055969,0.9243966341018677,14,0.07142857142857142,0.7142857142857143,-1.6553283181276441
2023-02-17,-0.01324748396873474,0.6549086133598461,-0.9425181150436401,0.9449474811553955,10,0.3,0.3,1.4843995904419076
2023-02-18,-0.2923807352781296,0.4071286592660245,-0.8936970829963684,0.0,8,0.0,0.375,0.07068747405686854
2023-02-19,-0.21424143016338348,0.3971524658239483,-0.892498791217804,0.0,8,0.0,0.25,0.520983936266709
2023-02-20,-0.15376004204154015,0.6817514036327401,-0.9670364260673523,0.897467315196991,16,0.25,0.375,0.9811823291645712
2023-02-21,-0.13681570166035703,0.6247205786750155,-0.9446020126342773,0.9333837032318115,19,0.21052631578947367,0.3684210526315789,1.0101989529586024
2023-02-22,-0.5447888925671578,0.5039077770270075,-0.9745247960090637,0.8283372521400452,20,0.05,0.7,-1.3368620520603953
2023-03-17,-0.4713801360792584,0.5118198071215835,-0.9688878655433655,0.6046766638755798,18,0.1111111111111111,0.6666666666666666,-0.8773051312983381
2023-03-18,-0.15896172523498536,0.355449223446071,-0.7948086261749268,0.0,5,0.0,0.2,0.8659563024436351
2023-03-19,-0.38375455828813404,0.38858580332128323,-0.9607141017913818,0.0,13,0.0,0.5384615384615384,-0.4502231548503751
2023-03-20,-0.2536191563857229,0.5750968479250962,-0.9690349698066711,0.8034614324569702,19,0.15789473684210525,0.42105263157894735,0.40107706361516365
2023-03-21,-0.39650030027736316,0.5014331085723154,-0.9475707411766052,0.5022856593132019,11,0.09090909090909091,0.5454545454545454,-0.4302844546289182
2023-03-22,-0.20388985531670706,0.4775765853102472,-0.8949577212333679,0.7827574610710144,21,0.09523809523809523,0.3333333333333333,0.7455005949608192
2023-04-15,-0.11351950963338216,0.5481679526046915,-0.9496819376945496,0.8627238273620605,9,0.1111111111111111,0.2222222222222222,1.189837376176713
2023-04-16,-0.32180418372154235,0.5163757038366246,-0.9494079351425171,0.6287204027175903,10,0.1,0.5,-0.12464169742502697
2023-04-17,-0.006188398057764227,0.6419453307399742,-0.9255049228668213,0.9321695566177368,11,0.2727272727272727,0.2727272727272727,1.6962792181474888
2023-04-18,-0.21755014856656393,0.6599657951745987,-0.9603864550590515,0.9014701843261719,18,0.2222222222222222,0.5,0.4132589025266087
2023-04-19,-0.2786217965185642,0.6232444814114132,-0.9630739092826843,0.897424578666687,16,0.125,0.4375,-0.01769188943216605
2023-04-20,-0.07987274114902203,0.6130153378919497,-0.9497101902961731,0.7361522316932678,13,0.3076923076923077,0.3076923076923077,1.0979681426000614
2023-04-21,0.0,0.0,0.0,0.0,1,0.0,0.0,1.4118680837832602
2023-04-28,-0.10909897547501785,0.5558353798463257,-0.7656633853912354,0.938770592212677,13,0.15384615384615385,0.38461538461538464,0.7105916364359094
2023-04-29,-0.3037232518196106,0.3977545349303418,-0.8614571690559387,0.0,10,0.0,0.4,-0.49191316042790156
2023-04-30,-0.35369213422139484,0.3787186153889856,-0.8881343007087708,0.0,12,0.0,0.5,-0.8028660915814776
2023-05-01,-0.031566962599754333,0.3976115068387522,-0.6955844163894653,0.9384509921073914,12,0.08333333333333333,0.16666666666666666,1.2576074806027406
2023-05-02,-0.36048162102699277,0.5734384348359592,-0.9505786895751953,0.924749493598938,25,0.12,0.56,-0.7941088494673489
2023-05-03,-0.13067882880568504,0.7533262006857575,-0.9713380932807922,0.8917153477668762,16,0.375,0.5,0.6724483768238582
2023-05-04,-0.5009258389472961,0.0,-0.5009258389472961,-0.5009258389472961,1,0.0,1.0,-1.7540439149377707
2023-07-27,-0.3026334047317505,0.5601595113390844,-0.9513276219367981,0.8435632586479187,16,0.125,0.5,-0.5410936122272333
2023-07-28,-0.4590167540770311,0.5572541395228187,-0.9720858335494995,0.7849118709564209,13,0.07692307692307693,0.6153846153846154,-1.4480356589388816
2023-07-29,-0.14053363691676746,0.587851637603484,-0.9662057757377625,0.907554030418396,11,0.18181818181818182,0.2727272727272727,0.58982856306104
2023-07-30,-0.22941155234972635,0.5830476614556018,-0.9645463824272156,0.501255214214325,6,0.16666666666666666,0.3333333333333333,-0.01633666694630656
2023-07-31,-0.12428340086570153,0.739374343064401,-0.9673069715499878,0.9328330755233765,13,0.3076923076923077,0.38461538461538464,0.6162402004964503
2023-08-01,-0.4367867430051168,0.6141709839528694,-0.9684010744094849,0.8717416524887085,15,0.13333333333333333,0.6,-1.3849380431202016
2023-08-02,0.0,0.0,0.0,0.0,1,0.0,0.0,1.3774402690348073
2023-10-28,-0.2707705497741699,0.4227286577013466,-0.8950682282447815,0.0,6,0.0,0.3333333333333333,-0.3418211696934844
2023-10-29,-0.35493578513463336,0.4366192262886539,-0.9419406652450562,0.0,9,0.0,0.4444444444444444,-0.7909940843617912
2023-10-30,-0.380471717227589,0.6380630603112348,-0.9726636409759521,0.9472379088401794,22,0.13636363636363635,0.5454545454545454,-0.8853748540398327
2023-10-31,-0.18735461725908167,0.6295883300895108,-0.9727796912193298,0.8623020648956299,17,0.17647058823529413,0.4117647058823529,0.3230430253588235
2023-11-01,-0.1394330236044797,0.5543990779299378,-0.9573737978935242,0.8377247452735901,22,0.18181818181818182,0.3181818181818182,0.6600057769220808
2023-11-02,-0.2866210909116836,0.6934612430291844,-0.9731430411338806,0.9380980730056763,21,0.23809523809523808,0.5238095238095238,-0.22040189249252395
2023-11-03,0.0,0.0,0.0,0.0,1,0.0,0.0,1.6571456889000988
2023-11-19,-0.22437150279680887,0.43200440361075176,-0.9228240251541138,0.4901596009731293,15,0.06666666666666667,0.3333333333333333,0.14198475804103627
2023-11-20,-0.1847331404685974,0.3160141782074609,-0.8488048911094666,0.0,10,0.0,0.3,0.3535220823320178
2023-11-21,-0.3878083930296056,0.5421144468255119,-0.9659428596496582,0.9040654301643372,17,0.058823529411764705,0.5294117647058824,-0.9226260030160085
2023-11-22,-0.5565983482769558,0.43508226707514924,-0.9708766341209412,0.0,14,0.0,0.6428571428571429,-1.8524758880971632
2023-11-23,-0.20066698491573334,0.6874765180016968,-0.9534271955490112,0.9489667415618896,20,0.2,0.45,0.4364925135160233
2023-11-24,-0.43855604300132167,0.43838951863254827,-0.9566880464553833,0.0,13,0.0,0.5384615384615384,-1.1496614783322963
2023-11-25,-0.9499842524528503,0.0,-0.9499842524528503,-0.9499842524528503,1,0.0,1.0,-3.0342700475905398
2024-04-03,-0.3361828545729319,0.49930923844512015,-0.9385481476783752,0.8389185070991516,15,0.06666666666666667,0.5333333333333333,-0.21100634173658508
2024-04-04,-0.4060642614084132,0.5116531402954889,-0.9483199715614319,0.8849722146987915,17,0.058823529411764705,0.5882352941176471,-0.48190092080423297
2024-04-05,-0.4304796074117933,0.5065170148418917,-0.9692931771278381,0.5867783427238464,14,0.07142857142857142,0.5714285714285714,-0.5475769173725691
2024-04-06,-0.2834300719774686,0.6420392027779177,-0.9345200657844543,0.9524480104446411,13,0.15384615384615385,0.5384615384615384,0.1903418263975167
2024-04-07,-0.36757358312606814,0.5036187919126992,-0.9434289336204529,0.0,5,0.0,0.4,-0.23523665299855515
2024-04-08,-0.5120935510186588,0.5421267646732226,-0.9605183005332947,0.843267560005188,17,0.058823529411764705,0.6470588235294118,-0.8575461765993465
2024-04-09,0.7304988503456116,0.0,0.7304988503456116,0.7304988503456116,1,1.0,0.0,3.3101377764744147
2024-05-01,-0.4174579336093022,0.4721721025879591,-0.9736754298210144,0.0,13,0.0,0.46153846153846156,-0.38456647228876145
2024-05-02,-0.39800804582509125,0.5147816337923342,-0.9724954962730408,0.8465670347213745,22,0.09090909090909091,0.5909090909090909,-0.3188696073330277
2024-05-03,-0.26905728761966413,0.47111056132287366,-0.9726554751396179,0.5179601311683655,13,0.07692307692307693,0.38461538461538464,0.10927956200758349
2024-05-04,-0.5187080204486847,0.3500975499333546,-0.7688550353050232,0.0,4,0.0,0.75,-0.6327496275379438
2024-05-05,-0.2950054585933685,0.3869621231718213,-0.8329275846481323,0.0,10,0.0,0.4,0.08780889879204155
2024-05-06,0.13320882320404054,0.7162642496428364,-0.929191529750824,0.8479942679405212,5,0.4,0.2,1.4045637614896835
2024-05-07,0.9392626285552979,0.0,0.9392626285552979,0.9392626285552979,1,1.0,0.0,2.8128430270888316
2024-05-09,-0.14200854301452637,0.4994392476837917,-0.9380187392234802,0.6819676160812378,13,0.15384615384615385,0.3076923076923077,0.26606033032176046
2024-05-10,-0.14838678921972,0.6743398518742237,-0.9247401356697083,0.8894211649894714,14,0.2857142857142857,0.42857142857142855,0.22327215911425777
2024-05-11,-0.07766437530517578,0.5652541375808698,-0.9549544453620911,0.7646647691726685,10,0.2,0.3,0.3372844249344312
2024-05-12,-0.014345890283584595,0.3963563668764568,-0.9100769758224487,0.7666180729866028,10,0.1,0.1,0.46302741437862033
2024-05-13,-0.14578425486882526,0.6014210730948217,-0.944468080997467,0.7832799553871155,15,0.2,0.3333333333333333,0.11842329993454205
2024-05-14,-0.007715490460395813,0.6011290586554525,-0.8585942387580872,0.9398015737533569,20,0.3,0.35,0.36863985525119297
2024-05-15,-0.7681407928466797,0.0,-0.7681407928466797,-0.7681407928466797,1,0.0,1.0,-1.4798035367208724
2024-07-18,-0.29083666801452634,0.593417574485618,-0.9570801854133606,0.9381030201911926,20,0.1,0.45,-0.31543690783811157
2024-07-19,-0.39093603585895736,0.4352716931215797,-0.9748827815055847,0.0,19,0.0,0.47368421052631576,-0.5714990746309413
2024-07-20,-0.22869298855463663,0.34779974691805604,-0.9220424890518188,0.0,12,0.0,0.3333333333333333,-0.173252463142738
2024-07-21,-0.019821630583869085,0.4383229543172283,-0.9623066782951355,0.7839120030403137,9,0.1111111111111111,0.1111111111111111,0.30752913368183404
2024-07-22,-0.2779570698738098,0.5394521277727297,-0.9729340076446533,0.9075350761413574,15,0.06666666666666667,0.4,-0.3789314522081269
2024-07-23,0.14703688621520997,0.6325366983028415,-0.8892102837562561,0.9384464025497437,20,0.45,0.25,0.900836450360728
2024-07-24,-0.9231135845184326,0.0,-0.9231135845184326,-0.9231135845184326,1,0.0,1.0,-1.9568421660407578
2024-08-09,-0.2851615399122238,0.7112722603816207,-0.9513199329376221,0.9531797170639038,12,0.16666666666666666,0.5,-0.2827674050701321
2024-08-10,-0.26608782155173166,0.3770818526124769,-0.8710659146308899,0.0,14,0.0,0.35714285714285715,-0.2322907376619097
2024-08-11,-0.29052807092666627,0.39995996071549095,-0.7847268581390381,0.0,5,0.0,0.4,-0.3346454356044161
2024-08-12,-0.06866350968678793,0.611021204279068,-0.9188239574432373,0.8663649559020996,15,0.2,0.26666666666666666,0.23910316136301024
2024-08-13,-0.2745447630683581,0.517413717595248,-0.9642454981803894,0.7214452624320984,24,0.08333333333333333,0.375,-0.27107237025833103
2024-08-14,-0.17113525243032546,0.5921542441602256,-0.9593494534492493,0.9291398525238037,21,0.19047619047619047,0.42857142857142855,0.24636223077360037
2024-08-15,-0.8665885925292969,0.0,-0.8665885925292969,-0.8665885925292969,1,0.0,1.0,-2.1034977099546865
2024-09-30,0.05062253607643975,0.6456396103324514,-0.9671460390090942,0.9487420320510864,36,0.3055555555555556,0.2222222222222222,1.0581038178822912
2024-10-01,-0.17846096001687597,0.6269543961410057,-0.9753704071044922,0.9473254680633545,61,0.18032786885245902,0.3770491803278688,0.2936630519724516
2024-10-02,0.5271139542261759,0.48331751596428707,0.0,0.9494442939758301,3,0.6666666666666666,0.0,2.2735047482684094
2024-11-07,-0.09482323937118053,0.4594539171141709,-0.9614273905754089,0.9181221723556519,32,0.125,0.28125,0.4130269893433454
2024-11-08,-0.29852513074874876,0.6255885264005432,-0.9683861136436462,0.9528219103813171,25,0.16,0.52,-0.15045136658788186
2024-11-09,-0.30812883377075195,0.40415547056210205,-0.9277049899101257,0.0,18,0.0,0.3888888888888889,-0.26661286870901524
2024-11-10,-0.03609586187771389,0.39474660110156423,-0.9075309634208679,0.7206951975822449,14,0.14285714285714285,0.21428571428571427,0.5652829631101962
2024-11-11,-0.30304584332874845,0.4876305318261763,-0.967260479927063,0.5833792090415955,14,0.07142857142857142,0.42857142857142855,-0.3051077460800461
2024-11-12,-0.2128376066684723,0.6073980874906187,-0.9641157388687134,0.9399276375770569,24,0.16666666666666666,0.4166666666666667,-0.017075775375369733
2024-11-13,0.0,0.0,0.0,0.0,1,0.0,0.0,0.6640050359182369
2024-11-16,-0.20628098930631364,0.37029078362883777,-0.9195110201835632,0.0,7,0.0,0.2857142857142857,-0.010684144937862669
2024-11-17,-0.24689058661460878,0.5427364775725165,-0.9195731282234192,0.7629588842391968,10,0.1,0.4,-0.0808972494950633
2024-11-18,-0.6331792492419481,0.47031654299523673,-0.9713118076324463,0.4497174918651581,16,0.0625,0.75,-1.5779447619861733
2024-11-19,-0.3294811073471518,0.5486542247379665,-0.9608962535858154,0.8451650738716125,17,0.058823529411764705,0.4117647058823529,-0.440801824877392
2024-11-20,-0.11052891753968738,0.6788338458284084,-0.9697012305259705,0.9072737693786621,21,0.23809523809523808,0.38095238095238093,0.34006388416239847
2024-11-21,-0.18980277329683304,0.5344784751132506,-0.967333972454071,0.9062973856925964,16,0.125,0.375,0.028748858621971796
2024-12-18,-0.24786179002962613,0.6409847714067669,-0.9613741040229797,0.9380366802215576,19,0.21052631578947367,0.5263157894736842,-0.15400115422034838
2024-12-19,-0.33515727519989014,0.5158443917470331,-0.954210102558136,0.9400940537452698,19,0.05263157894736842,0.47368421052631576,-0.4659294538721091
2024-12-20,-0.47235923012097675,0.6013494054176142,-0.971550703048706,0.7921250462532043,12,0.16666666666666666,0.6666666666666666,-0.898724247766323
2024-12-21,-0.28311834552071313,0.5375874072649287,-0.8888639211654663,0.7958710789680481,11,0.09090909090909091,0.45454545454545453,-0.37876577251054994
2024-12-22,-0.20710847594521262,0.5339500202386291,-0.9651941061019897,0.8821009397506714,11,0.09090909090909091,0.36363636363636365,0.005444214296463056
2024-12-23,-0.3696276326974233,0.48567829190247586,-0.9684034585952759,0.43893638253211975,15,0.06666666666666667,0.4666666666666667,-0.6689460424030388
2025-02-21,-0.3914982810616493,0.5967373504939159,-0.9672920107841492,0.9353644847869873,20,0.1,0.6,-0.8685939472669576
2025-02-22,-0.151028373837471,0.5631047451109729,-0.9624635577201843,0.6744861006736755,10,0.2,0.3,0.8021890110438902
2025-02-23,-0.20290101949985212,0.5996651011424253,-0.9321190118789673,0.8503804802894592,13,0.15384615384615385,0.38461538461538464,0.4077119719726172
2025-02-24,-0.43193022078937954,0.4056443383079115,-0.9687941074371338,0.0,18,0.0,0.5555555555555556,-1.0982055761340723
2025-02-25,-0.32420494593679905,0.5333554163029239,-0.9662794470787048,0.9381601810455322,16,0.0625,0.5,-0.29993179506424
2025-02-26,-0.4062280769531543,0.48486609628177807,-0.9627284407615662,0.6411039233207703,26,0.07692307692307693,0.5769230769230769,-0.8358111746243784
2025-02-27,0.8852838277816772,0.0,0.8852838277816772,0.8852838277816772,1,1.0,0.0,3.7457958574834995
2025-03-30,-0.05544202327728272,0.46154894038289723,-0.9522919058799744,0.9528668522834778,20,0.1,0.2,0.6072949130798067
2025-03-31,-0.07495899688113819,0.5384081932019646,-0.9749546051025391,0.9516285061836243,110,0.17272727272727273,0.24545454545454545,0.5156065736155127
2025-04-01,0.051489030537397965,0.49660720671033537,-0.9615253806114197,0.9462043642997742,115,0.24347826086956523,0.1565217391304348,0.8703849293030425
2025-04-02,-0.028043247807410455,0.518852396025676,-0.9746230840682983,0.949042022228241,155,0.16774193548387098,0.1870967741935484,0.5351358049790342
2025-04-03,-0.3418275346147253,0.5448807817037842,-0.974682092666626,0.9454206824302673,188,0.09574468085106383,0.4627659574468085,-0.5407031714440804
2025-04-04,-0.21721141248620968,0.5531829838576994,-0.9715266227722168,0.9529150128364563,186,0.12903225806451613,0.3655913978494624,-0.09468141323125315
2025-05-31,-0.04629355072975159,0.4675794450148962,-0.9630623459815979,0.9446943402290344,30,0.16666666666666666,0.2,0.46554887468193396
2025-06-01,-0.04898971106324877,0.38849676692732243,-0.969903826713562,0.8087990283966064,28,0.10714285714285714,0.14285714285714285,0.42085199132674467
2025-06-02,0.015866596330987647,0.5854118035145719,-0.9748228788375854,0.9526097178459167,94,0.26595744680851063,0.23404255319148937,0.5814499833930006
2025-06-03,0.11724154321019521,0.5661466987149498,-0.9711928963661194,0.9528400897979736,167,0.33532934131736525,0.18562874251497005,0.8373922728963624
2025-06-04,0.06252181943100278,0.5811086139014999,-0.9718548655509949,0.9487546682357788,202,0.2871287128712871,0.20297029702970298,0.5881950092551576
2025-06-05,0.009382688314528079,0.5838887627538533,-0.9732210636138916,0.9499446749687195,148,0.2635135135135135,0.22972972972972974,0.36767847234460993
2025-10-08,0.09643444838347258,0.47650325552731915,-0.9721080660820007,0.957170844078064,135,0.24444444444444444,0.11851851851851852,0.5960122948697619
2025-10-09,0.0967797108043898,0.5102177843098971,-0.9678083062171936,0.9587109684944153,151,0.271523178807947,0.1390728476821192,0.5262077106484355
2025-10-10,-0.11024322948957745,0.5192265407815068,-0.969344437122345,0.954982340335846,133,0.14285714285714285,0.2706766917293233,-0.22531560014685695
2025-10-11,-0.0006943856676419576,0.4657727185125635,-0.9654404520988464,0.9526067972183228,60,0.16666666666666666,0.15,0.13380682483939407
2025-10-12,0.11222656803616023,0.40792836544214023,-0.9595379829406738,0.9549990892410278,59,0.2033898305084746,0.06779661016949153,0.4697107467603387
2025-10-13,0.019927406083039247,0.4903884382149475,-0.9724628925323486,0.9516627192497253,183,0.23497267759562843,0.19672131147540983,0.052203522994358056
2025-12-14,-0.02947722127040227,0.42899558382099334,-0.9085849523544312,0.9480359554290771,24,0.125,0.16666666666666666,-0.23885227495287675
2025-12-15,-0.03948261046550683,0.5109886277088227,-0.9708681106567383,0.9526720643043518,169,0.17159763313609466,0.20710059171597633,-0.16978955110443766
2025-12-16,-0.096895789035729,0.5728402677586799,-0.9751377701759338,0.9509283900260925,140,0.18571428571428572,0.2642857142857143,-0.6595375869613406
2025-12-17,-0.07311525330191752,0.5373313796350684,-0.973061203956604,0.9516362547874451,122,0.1557377049180328,0.2459016393442623,-0.449393586522203
2025-12-18,0.06926388815045356,0.5287514835139965,-0.9678744077682495,0.9514879584312439,200,0.265,0.17,0.8024788972420174
2025-12-19,0.086016028209497,0.4985608888961642,-0.9692041277885437,0.9535567760467529,131,0.24427480916030533,0.12213740458015267,0.8805620155043593
2026-01-24,0.2951815861922044,0.4060722331365486,0.0,0.9556115865707397,13,0.38461538461538464,0.0,2.5664998072271175
2026-01-25,-0.2566889354160854,0.4383814395055607,-0.9004790782928467,0.0,7,0.0,0.2857142857142857,-2.384098898884215
2026-01-26,-0.04714948804147782,0.47177280944432776,-0.9453579187393188,0.879022479057312,31,0.1935483870967742,0.22580645161290322,-0.5377304357261063
2026-01-27,-0.18012272924571843,0.557891249596613,-0.9695472121238708,0.9405580759048462,77,0.16883116883116883,0.36363636363636365,-1.5504806382891132
2026-01-28,0.00722312097308002,0.628530155305149,-0.9721875786781311,0.9506515264511108,316,0.3069620253164557,0.2689873417721519,0.002536599938371264
2026-01-29,-0.08509648950297598,0.6038069473952055,-0.973365306854248,0.9576167464256287,386,0.22279792746113988,0.30310880829015546,-0.6845406724165999
